s,A(s) (GHz),B(s) (GHz),c (normalized)
0.0,11.31481618,0.55821572,0.0
0.001,11.22359729,0.56273347,0.00498361
0.002,11.13186845,0.56735012,0.00996721
0.003,11.04296909,0.57189651,0.01477049
0.004,10.95420994,0.57650826,0.01954014
0.005,10.86620145,0.58115428,0.02424381
0.006,10.7804383,0.58575359,0.02880296
0.007,10.69421761,0.59045059,0.03336212
0.008,10.6103156,0.59509332,0.03777532
0.009,10.52736737,0.59975476,0.04211577
0.01,10.44398789,0.60451372,0.04645621
0.011,10.36357507,0.60917454,0.05062086
0.012,10.28318688,0.61390539,0.05476331
0.013,10.20239097,0.61873387,0.05890576
0.014,10.12533233,0.62340933,0.06283703
0.015,10.04800179,0.62817186,0.06676303
0.016,9.97029184,0.63303056,0.07068903
0.017,9.89539314,0.63778409,0.07445478
0.018,9.82048309,0.64260919,0.07820328
0.019,9.74521537,0.64753025,0.08195178
0.02,9.67245529,0.65235839,0.08555839
0.021,9.60068589,0.65719066,0.08909959
0.022,9.52858701,0.66211651,0.09264078
0.023,9.4572284,0.66706376,0.09612963
0.024,9.38834777,0.67190859,0.09948229
0.025,9.31916283,0.67684487,0.10283495
0.026,9.24967068,0.68187524,0.10618761
0.027,9.18253195,0.6868054,0.10941262
0.028,9.11636629,0.69173298,0.11257735
0.029,9.04991926,0.69675173,0.11574209
0.03,8.98318838,0.70186423,0.11890683
0.031,8.91956531,0.70680749,0.12191161
0.032,8.85620334,0.71179865,0.12489192
0.033,8.79258326,0.71687997,0.12787223
0.034,8.72870299,0.72205394,0.13085254
0.035,8.66766164,0.72706659,0.13368904
0.036,8.60706708,0.73211022,0.13649384
0.037,8.54623677,0.73724264,0.13929864
0.038,8.48516902,0.74246617,0.14210345
0.039,8.42583164,0.74761128,0.14481831
0.04,8.36810663,0.75268369,0.14744956
0.041,8.31016833,0.75784269,0.1500808
0.042,8.25201538,0.76309048,0.15271205
0.043,8.19364642,0.76842934,0.1553433
0.044,8.13858847,0.77353233,0.15781635
0.045,8.08359048,0.77869593,0.1602781
0.046,8.02840007,0.78394533,0.16273985
0.047,7.97301619,0.78928262,0.1652016
0.048,7.91756341,0.79469765,0.16765779
0.049,7.86564365,0.79983335,0.16994972
0.05,7.81355362,0.80505093,0.17224165
0.051,7.76129251,0.8103523,0.17453358
0.052,7.70885956,0.81573941,0.17682551
0.053,7.65625401,0.82121432,0.17911745
0.054,7.60596637,0.82651479,0.18130136
0.055,7.55627132,0.83181812,0.18345284
0.056,7.50642238,0.83720428,0.18560431
0.057,7.45641898,0.84267514,0.18775578
0.058,7.40626061,0.84823264,0.18990726
0.059,7.35656477,0.85380897,0.19203234
0.06,7.30993064,0.85910633,0.19402061
0.061,7.26316295,0.86448276,0.19600889
0.062,7.21626136,0.86993995,0.19799716
0.063,7.16922555,0.87547966,0.19998543
0.064,7.12205521,0.88110366,0.2019737
0.065,7.07507338,0.88677453,0.2039484
0.066,7.03107983,0.89214854,0.20579245
0.067,6.98696991,0.8975998,0.20763649
0.068,6.94274347,0.90312989,0.20948054
0.069,6.89840035,0.90874043,0.21132458
0.07,6.85394045,0.91443309,0.21316863
0.071,6.80936364,0.92020957,0.21501267
0.072,6.76652445,0.92582694,0.21678029
0.073,6.72508688,0.93132315,0.21848587
0.074,6.68354918,0.93689548,0.22019146
0.075,6.64191133,0.9425454,0.22189704
0.076,6.60017334,0.94827443,0.22360262
0.077,6.55833526,0.95408413,0.2253082
0.078,6.51639713,0.95997607,0.22701378
0.079,6.47596723,0.96572198,0.22865419
0.08,6.43720018,0.97129327,0.23022362
0.081,6.39834868,0.97693826,0.23179305
0.082,6.35941282,0.9826583,0.23336248
0.083,6.32039275,0.98845477,0.23493191
0.084,6.28128861,0.99432909,0.23650134
0.085,6.24210058,1.0002827,0.23807078
0.086,6.20282886,1.00631707,0.23964021
0.087,6.16609312,1.0120244,0.24110528
0.088,6.12997486,1.01769575,0.24254291
0.089,6.09378693,1.02343854,0.24398055
0.09,6.05752954,1.029254,0.24541818
0.091,6.02120293,1.03514338,0.24685582
0.092,5.98480735,1.04110797,0.24829345
0.093,5.94834306,1.04714906,0.24973108
0.094,5.91181034,1.053268,0.25116872
0.095,5.87633109,1.05927518,0.25256234
0.096,5.84247174,1.06506842,0.25389
0.097,5.80855484,1.07093146,0.25521766
0.098,5.77458066,1.07686543,0.25654533
0.099,5.74054952,1.08287147,0.25787299
0.1,5.70646173,1.08895076,0.25920065
0.101,5.67231763,1.09510449,0.26052831
0.102,5.63811757,1.10133387,0.26185597
0.103,5.60386192,1.10764015,0.26318364
0.104,5.5705067,1.11384582,0.26447435
0.105,5.5391947,1.11973072,0.26568418
0.106,5.50783752,1.12568254,0.266894
0.107,5.47643547,1.13170227,0.26810383
0.108,5.44498891,1.13779094,0.26931366
0.109,5.41349821,1.14394958,0.27052349
0.11,5.38196373,1.15017925,0.27173331
0.111,5.35038587,1.15648101,0.27294314
0.112,5.31876503,1.16285596,0.27415297
0.113,5.28710164,1.16930519,0.2753628
0.114,5.25635459,1.17563161,0.27653607
0.115,5.22741553,1.18164426,0.277639
0.116,5.19844219,1.18772138,0.27874192
0.117,5.16943493,1.19386385,0.27984484
0.118,5.14039413,1.20007259,0.28094776
0.119,5.11132019,1.20634851,0.28205069
0.12,5.0822135,1.21269253,0.28315361
0.121,5.05307447,1.21910559,0.28425653
0.122,5.02390355,1.22558867,0.28535945
0.123,4.99470117,1.23214271,0.28646238
0.124,4.96546778,1.23876871,0.2875653
0.125,4.93724555,1.24522806,0.28862898
0.126,4.91053573,1.2513986,0.28963469
0.127,4.88380128,1.25763138,0.2906404
0.128,4.85704258,1.26392719,0.29164611
0.129,4.83026004,1.27028684,0.29265182
0.13,4.80345406,1.27671112,0.29365753
0.131,4.77662506,1.28320085,0.29466324
0.132,4.74977346,1.28975685,0.29566895
0.133,4.7228997,1.29637997,0.29667466
0.134,4.69600424,1.30307105,0.29768037
0.135,4.66908753,1.30983095,0.29868608
0.136,4.64215004,1.31666053,0.29969179
0.137,4.61619367,1.32330317,0.30066015
0.138,4.59167206,1.32963506,0.30157436
0.139,4.56713447,1.33602663,0.30248857
0.14,4.54258127,1.34247857,0.30340278
0.141,4.51801287,1.34899157,0.30431698
0.142,4.49342967,1.35556631,0.30523119
0.143,4.46883209,1.36220351,0.3061454
0.144,4.44422054,1.36890386,0.3070596
0.145,4.41959546,1.3756681,0.30797381
0.146,4.3949573,1.38249694,0.30888802
0.147,4.3703065,1.38939112,0.30980223
0.148,4.34564353,1.39635137,0.31071643
0.149,4.32096885,1.40337843,0.31163064
0.15,4.29676217,1.41033472,0.3125271
0.151,4.27432726,1.41683781,0.31335761
0.152,4.25188386,1.42339784,0.31418812
0.153,4.22943234,1.43001541,0.31501862
0.154,4.2069731,1.4366911,0.31584913
0.155,4.18450651,1.4434255,0.31667964
0.156,4.16203299,1.45021919,0.31751014
0.157,4.13955294,1.45707278,0.31834065
0.158,4.11706678,1.46398688,0.31917115
0.159,4.09457493,1.47096208,0.32000166
0.16,4.07207783,1.47799901,0.32083217
0.161,4.04957589,1.48509827,0.32166267
0.162,4.02706958,1.4922605,0.32249318
0.163,4.00455934,1.49948631,0.32332369
0.164,3.98204564,1.50677634,0.32415419
0.165,3.96092363,1.51367378,0.32493326
0.166,3.94043814,1.52041766,0.32568877
0.167,3.91995091,1.5272162,0.32644428
0.168,3.89946229,1.53406986,0.32719979
0.169,3.87897267,1.54097915,0.3279553
0.17,3.85848242,1.54794455,0.32871081
0.171,3.83799192,1.55496656,0.32946632
0.172,3.81750157,1.56204567,0.33022183
0.173,3.79701177,1.5691824,0.33097734
0.174,3.77652291,1.57637723,0.33173285
0.175,3.75603541,1.58363067,0.33248836
0.176,3.73554967,1.59094324,0.33324387
0.177,3.71506612,1.59831543,0.33399938
0.178,3.69458518,1.60574777,0.33475489
0.179,3.67410728,1.61324077,0.3355104
0.18,3.65363286,1.62079493,0.33626591
0.181,3.6344166,1.62794233,0.33697513
0.182,3.61569703,1.63495905,0.33766615
0.183,3.59698145,1.64202819,0.33835717
0.184,3.5782702,1.64915013,0.33904819
0.185,3.55956364,1.6563253,0.33973921
0.186,3.54086213,1.66355408,0.34043023
0.187,3.52216604,1.67083688,0.34112125
0.188,3.50347573,1.67817411,0.34181227
0.189,3.48479157,1.68556617,0.34250328
0.19,3.46611396,1.69301346,0.3431943
0.191,3.44744326,1.70051639,0.34388532
0.192,3.42877986,1.70807538,0.34457634
0.193,3.41012416,1.71569082,0.34526736
0.194,3.39147655,1.72336312,0.34595838
0.195,3.37283743,1.7310927,0.3466494
0.196,3.35420721,1.73887996,0.34734042
0.197,3.33558629,1.74672531,0.34803144
0.198,3.31740656,1.75444521,0.34870644
0.199,3.30046666,1.76169292,0.34933572
0.2,3.28353548,1.76898979,0.34996501
0.201,3.26661334,1.77633612,0.35059429
0.202,3.24970055,1.78373222,0.35122357
0.203,3.23279746,1.7911784,0.35185286
0.204,3.2159044,1.79867496,0.35248214
0.205,3.19902168,1.80622222,0.35311143
0.206,3.18214967,1.81382047,0.35374071
0.207,3.16528868,1.82147003,0.35437
0.208,3.14843908,1.8291712,0.35499928
0.209,3.13160119,1.83692429,0.35562856
0.21,3.11477539,1.84472959,0.35625785
0.211,3.09796201,1.85258742,0.35688713
0.212,3.08116141,1.86049807,0.35751642
0.213,3.06437396,1.86846185,0.3581457
0.214,3.04760001,1.87647905,0.35877499
0.215,3.03083993,1.88454997,0.35940427
0.216,3.01409409,1.89267491,0.36003355
0.217,2.99747381,1.90079972,0.36065866
0.218,2.98200933,1.90841446,0.3612408
0.219,2.96655797,1.91607617,0.36182294
0.22,2.95112002,1.92378508,0.36240508
0.221,2.9356958,1.9315414,0.36298722
0.222,2.92028561,1.93934537,0.36356935
0.223,2.90488976,1.94719722,0.36415149
0.224,2.88950855,1.95509717,0.36473363
0.225,2.8741423,1.96304544,0.36531577
0.226,2.85879132,1.97104225,0.36589791
0.227,2.84345593,1.97908782,0.36648005
0.228,2.82813645,1.98718238,0.36706218
0.229,2.81283319,1.99532613,0.36764432
0.23,2.79754649,2.00351929,0.36822646
0.231,2.78227666,2.01176207,0.3688086
0.232,2.76702403,2.02005468,0.36939074
0.233,2.75178892,2.02839733,0.36997288
0.234,2.73657168,2.03679022,0.37055501
0.235,2.72137264,2.04523356,0.37113715
0.236,2.70619211,2.05372754,0.37171929
0.237,2.69103046,2.06227236,0.37230143
0.238,2.67627368,2.07064851,0.37286873
0.239,2.66220581,2.07868882,0.37341021
0.24,2.64815512,2.0867736,0.3739517
0.241,2.63412188,2.094903,0.37449318
0.242,2.62010637,2.10307717,0.37503466
0.243,2.60610888,2.11129625,0.37557615
0.244,2.59212967,2.11956039,0.37611763
0.245,2.57816904,2.12786973,0.37665911
0.246,2.56422727,2.13622441,0.3772006
0.247,2.55030465,2.14462455,0.37774208
0.248,2.53640145,2.15307031,0.37828356
0.249,2.52251796,2.1615618,0.37882504
0.25,2.50865449,2.17009915,0.37936653
0.251,2.4948113,2.17868249,0.37990801
0.252,2.4809887,2.18731194,0.38044949
0.253,2.46718698,2.19598762,0.38099098
0.254,2.45340643,2.20470965,0.38153246
0.255,2.43964734,2.21347814,0.38207394
0.256,2.42591001,2.22229319,0.38261543
0.257,2.41219474,2.23115492,0.38315691
0.258,2.39850182,2.24006342,0.38369839
0.259,2.38483155,2.2490188,0.38423987
0.26,2.37125789,2.25797241,0.38477843
0.261,2.35849528,2.26644746,0.38528565
0.262,2.34575332,2.27496387,0.38579286
0.263,2.33303226,2.28352173,0.38630007
0.264,2.32033234,2.2921211,0.38680728
0.265,2.30765381,2.30076205,0.38731449
0.266,2.29499692,2.30944463,0.38782171
0.267,2.28236192,2.3181689,0.38832892
0.268,2.26974907,2.32693494,0.38883613
0.269,2.25715861,2.33574277,0.38934334
0.27,2.24459079,2.34459247,0.38985055
0.271,2.23204587,2.35348406,0.39035777
0.272,2.21952411,2.3624176,0.39086498
0.273,2.20702574,2.37139313,0.39137219
0.274,2.19455104,2.38041069,0.3918794
0.275,2.18210024,2.3894703,0.39238662
0.276,2.16967361,2.398572,0.39289383
0.277,2.15727139,2.40771581,0.39340104
0.278,2.14489385,2.41690176,0.39390825
0.279,2.13254124,2.42612987,0.39441546
0.28,2.12021381,2.43540016,0.39492268
0.281,2.10791182,2.44471263,0.39542989
0.282,2.09563552,2.45406729,0.3959371
0.283,2.08338517,2.46346416,0.39644431
0.284,2.07133255,2.47277035,0.3969444
0.285,2.05970429,2.48180676,0.3974279
0.286,2.04810029,2.4908815,0.39791139
0.287,2.03652078,2.49999458,0.39839488
0.288,2.02496597,2.50914598,0.39887838
0.289,2.01343608,2.51833569,0.39936187
0.29,2.00193133,2.52756368,0.39984537
0.291,1.99045195,2.53682994,0.40032886
0.292,1.97899815,2.54613444,0.40081235
0.293,1.96757016,2.55547715,0.40129585
0.294,1.95616819,2.56485804,0.40177934
0.295,1.94479246,2.57427708,0.40226284
0.296,1.9334432,2.58373423,0.40274633
0.297,1.92212063,2.59322944,0.40322983
0.298,1.91082495,2.60276267,0.40371332
0.299,1.8995564,2.61233388,0.40419681
0.3,1.88831518,2.621943,0.40468031
0.301,1.87710152,2.63158998,0.4051638
0.302,1.86591564,2.64127477,0.4056473
0.303,1.85475774,2.65099729,0.40613079
0.304,1.84362804,2.66075749,0.40661429
0.305,1.83252677,2.67055529,0.40709778
0.306,1.82145413,2.68039061,0.40758127
0.307,1.81041034,2.69026338,0.40806477
0.308,1.79939561,2.70017352,0.40854826
0.309,1.78853371,2.71000871,0.40902631
0.31,1.77793085,2.71966983,0.40949419
0.311,1.76735579,2.72936569,0.40996207
0.312,1.75680872,2.73909621,0.41042994
0.313,1.74628983,2.7488613,0.41089782
0.314,1.73579931,2.75866086,0.4113657
0.315,1.72533735,2.76849479,0.41183357
0.316,1.71490415,2.778363,0.41230145
0.317,1.70449987,2.78826538,0.41276933
0.318,1.69412472,2.79820182,0.4132372
0.319,1.68377887,2.80817222,0.41370508
0.32,1.67346251,2.81817645,0.41417296
0.321,1.66317582,2.82821441,0.41464084
0.322,1.65291899,2.83828596,0.41510871
0.323,1.64269219,2.84839099,0.41557659
0.324,1.63249561,2.85852937,0.41604447
0.325,1.62232943,2.86870097,0.41651234
0.326,1.61219381,2.87890565,0.41698022
0.327,1.60208894,2.88914328,0.4174481
0.328,1.592015,2.89941371,0.41791597
0.329,1.58197215,2.9097168,0.41838385
0.33,1.57196058,2.92005241,0.41885173
0.331,1.56198045,2.93042038,0.41931961
0.332,1.55203193,2.94082056,0.41978748
0.333,1.5421152,2.9512528,0.42025536
0.334,1.53223042,2.96171692,0.42072324
0.335,1.5224691,2.97211516,0.42118677
0.336,1.51280984,2.98246871,0.42164694
0.337,1.50318197,2.99285263,0.42210712
0.338,1.49358563,3.00326675,0.42256729
0.339,1.48402098,3.01371091,0.42302746
0.34,1.47448817,3.02418494,0.42348764
0.341,1.46498735,3.03468866,0.42394781
0.342,1.45551868,3.0452219,0.42440799
0.343,1.44608229,3.05578447,0.42486816
0.344,1.43667834,3.0663762,0.42532833
0.345,1.42730696,3.0769969,0.42578851
0.346,1.4179683,3.08764638,0.42624868
0.347,1.40866251,3.09832445,0.42670886
0.348,1.39938972,3.10903091,0.42716903
0.349,1.39015006,3.11976558,0.4276292
0.35,1.38094368,3.13052824,0.42808938
0.351,1.37177071,3.14131871,0.42854955
0.352,1.36263128,3.15213677,0.42900973
0.353,1.35352553,3.16298221,0.4294699
0.354,1.34445357,3.17385484,0.42993007
0.355,1.33541555,3.18475442,0.43039025
0.356,1.32641158,3.19568076,0.43085042
0.357,1.3174418,3.20663364,0.43131059
0.358,1.30850631,3.21761282,0.43177077
0.359,1.29960525,3.2286181,0.43223094
0.36,1.29073873,3.23964925,0.43269112
0.361,1.28190206,3.25071206,0.43315154
0.362,1.27309124,3.26181164,0.43361244
0.363,1.26431541,3.27293648,0.43407333
0.364,1.25557469,3.28408635,0.43453422
0.365,1.24686918,3.295261,0.43499512
0.366,1.23819899,3.30646019,0.43545601
0.367,1.22956423,3.3176837,0.43591691
0.368,1.22096499,3.32893126,0.4363778
0.369,1.21240139,3.34020264,0.4368387
0.37,1.20387352,3.35149759,0.43729959
0.371,1.19538148,3.36281586,0.43776049
0.372,1.18692535,3.3741572,0.43822138
0.373,1.17850525,3.38552136,0.43868228
0.374,1.17012124,3.39690808,0.43914317
0.375,1.16177343,3.4083171,0.43960406
0.376,1.1534619,3.41974818,0.44006496
0.377,1.14518672,3.43120104,0.44052585
0.378,1.136948,3.44267542,0.44098675
0.379,1.1287458,3.45417107,0.44144764
0.38,1.1205802,3.46568772,0.44190854
0.381,1.11245128,3.47722511,0.44236943
0.382,1.1043591,3.48878296,0.44283033
0.383,1.09630375,3.50036101,0.44329122
0.384,1.08828528,3.51195899,0.44375212
0.385,1.08030377,3.52357663,0.44421301
0.386,1.07235928,3.53521365,0.4446739
0.387,1.06443144,3.54689999,0.44513599
0.388,1.05644354,3.55875022,0.4456038
0.389,1.04849395,3.57061957,0.4460716
0.39,1.04058274,3.58250776,0.44653941
0.391,1.03270996,3.59441448,0.44700721
0.392,1.02487566,3.60633946,0.44747502
0.393,1.0170799,3.61828241,0.44794282
0.394,1.00932271,3.63024302,0.44841063
0.395,1.00160415,3.64222101,0.44887844
0.396,0.99392426,3.65421609,0.44934624
0.397,0.98628307,3.66622795,0.44981405
0.398,0.97868062,3.67825632,0.45028185
0.399,0.97111694,3.69030089,0.45074966
0.4,0.96359208,3.70236136,0.45121746
0.401,0.95610605,3.71443745,0.45168527
0.402,0.94865888,3.72652886,0.45215307
0.403,0.9412506,3.7386353,0.45262088
0.404,0.93388123,3.75075646,0.45308868
0.405,0.92655079,3.76289205,0.45355649
0.406,0.9192593,3.77504179,0.4540243
0.407,0.91200676,3.78720536,0.4544921
0.408,0.90479319,3.79938248,0.45495991
0.409,0.8976186,3.81157285,0.45542771
0.41,0.890483,3.82377618,0.45589552
0.411,0.88338639,3.83599218,0.45636332
0.412,0.87632876,3.84822054,0.45683113
0.413,0.86922536,3.86060931,0.4573046
0.414,0.86202675,3.87324822,0.45778716
0.415,0.85486961,3.88589934,0.45826971
0.416,0.84775394,3.89856235,0.45875227
0.417,0.84067972,3.91123694,0.45923483
0.418,0.83364694,3.92392278,0.45971738
0.419,0.82665559,3.93661956,0.46019994
0.42,0.81970563,3.94932697,0.4606825
0.421,0.81279706,3.96204467,0.46116506
0.422,0.80592983,3.97477237,0.46164761
0.423,0.79910393,3.98750975,0.46213017
0.424,0.79231932,4.0002565,0.46261273
0.425,0.78557596,4.0130123,0.46309528
0.426,0.77887382,4.02577685,0.46357784
0.427,0.77221286,4.03854983,0.4640604
0.428,0.76559303,4.05133095,0.46454295
0.429,0.7590143,4.0641199,0.46502551
0.43,0.75247661,4.07691637,0.46550807
0.431,0.74597991,4.08972006,0.46599062
0.432,0.73952415,4.10253068,0.46647318
0.433,0.73310927,4.11534792,0.46695574
0.434,0.72673522,4.12817148,0.46743829
0.435,0.72040194,4.14100109,0.46792085
0.436,0.71410935,4.15383643,0.46840341
0.437,0.7078574,4.16667722,0.46888597
0.438,0.70154957,4.17972336,0.46937604
0.439,0.69512976,4.19309588,0.46987818
0.44,0.68875372,4.2064733499999996,0.47038032
0.441,0.68242136,4.21985546,0.47088246
0.442,0.67613259,4.23324189,0.4713846
0.443,0.66988732,4.24663233,0.47188674
0.444,0.66368546,4.26002647,0.47238888
0.445,0.65752691,4.273424,0.47289102
0.446,0.65141157,4.28682461,0.47339316
0.447,0.64533934,4.30022801,0.4738953
0.448,0.63931011,4.3136339,0.47439744
0.449,0.63332379,4.32704197,0.47489958
0.45,0.62738024,4.34045194,0.47540172
0.451,0.62147938,4.35386352,0.47590386
0.452,0.61562107,4.36727641,0.476406
0.453,0.60980521,4.38069034,0.47690814
0.454,0.60403167,4.39410503,0.47741028
0.455,0.59830033,4.40752019,0.47791242
0.456,0.59261107,4.42093555,0.47841456
0.457,0.58696376,4.43435084,0.4789167
0.458,0.58135827,4.44776579,0.47941884
0.459,0.57579447,4.46118014,0.47992098
0.46,0.57027222,4.47459362,0.48042312
0.461,0.5647914,4.48800598,0.48092526
0.462,0.55926676,4.50162755,0.48143529
0.463,0.55363363,4.51562387,0.48195941
0.464,0.54804517,4.52961814,0.48248353
0.465,0.54250119,4.54361005,0.48300766
0.466,0.53700155,4.55759935,0.48353178
0.467,0.53154607,4.57158576,0.4840559
0.468,0.52613457,4.58556901,0.48458003
0.469,0.52076689,4.59954884,0.48510415
0.47,0.51544285,4.61352499,0.48562827
0.471,0.51016227,4.6274972,0.4861524
0.472,0.50492497,4.64146524,0.48667652
0.473,0.49973077,4.65542884,0.48720064
0.474,0.49457949,4.66938777,0.48772477
0.475,0.48947093,4.68334179,0.48824889
0.476,0.48440492,4.69729066,0.48877301
0.477,0.47938126,4.71123415,0.48929714
0.478,0.47439977,4.72517204,0.48982126
0.479,0.46946024,4.7391041,0.49034538
0.48,0.46456248,4.75303012,0.49086951
0.481,0.4597063,4.76694988,0.49139363
0.482,0.4548915,4.78086316,0.49191776
0.483,0.45011787,4.79476978,0.49244188
0.484,0.44538522,4.80866951,0.492966
0.485,0.44060958,4.82281121,0.49349952
0.486,0.43571571,4.83742598,0.49405119
0.487,0.43086655,4.85203247,0.49460286
0.488,0.42606184,4.86663046,0.49515453
0.489,0.42130134,4.88121974,0.4957062
0.49,0.41658482,4.89580011,0.49625786
0.491,0.41191202,4.91037135,0.49680953
0.492,0.4072827,4.92493327,0.4973612
0.493,0.4026966,4.93948568,0.49791287
0.494,0.39815348,4.95402839,0.49846454
0.495,0.39365309,4.96856121,0.4990162
0.496,0.38919517,4.98308397,0.49956787
0.497,0.38477946,4.99759649,0.50011954
0.498,0.38040572,5.01209859,0.50067121
0.499,0.37607369,5.02659012,0.50122287
0.5,0.3717831,5.04107092,0.50177454
0.501,0.36753371,5.05554081,0.50232621
0.502,0.36332525,5.06999966,0.50287788
0.503,0.35915746,5.08444731,0.50342955
0.504,0.35503008,5.09888361,0.50398121
0.505,0.35094285,5.11330844,0.50453288
0.506,0.34689551,5.12772164,0.50508455
0.507,0.34278682,5.14248763,0.50565019
0.508,0.33860814,5.15764704,0.5062314
0.509,0.33447283,5.17279311,0.5068126
0.51,0.33038059,5.18792572,0.50739381
0.511,0.3263311,5.20304471,0.50797502
0.512,0.32232406,5.21814996,0.50855622
0.513,0.31835916,5.23324135,0.50913743
0.514,0.31443608,5.24831876,0.50971864
0.515,0.31055452,5.26338206,0.51029984
0.516,0.30671417,5.27843115,0.51088105
0.517,0.3029147,5.29346592,0.51146226
0.518,0.29915582,5.30848627,0.51204347
0.519,0.29543721,5.32349209,0.51262467
0.52,0.29175856,5.33848329,0.51320588
0.521,0.28811955,5.35345979,0.51378709
0.522,0.28451988,5.36842149,0.51436829
0.523,0.28095924,5.38336831,0.5149495
0.524,0.27743731,5.39830017,0.51553071
0.525,0.27395379,5.413217,0.51611191
0.526,0.27050837,5.42811873,0.51669312
0.527,0.26710073,5.44300529,0.51727433
0.528,0.26362028,5.45836576,0.51787466
0.529,0.26013628,5.47390363,0.51848258
0.53,0.25669257,5.48942469,0.5190905
0.531,0.25328881,5.50492889,0.51969841
0.532,0.24992464,5.52041618,0.52030633
0.533,0.24659972,5.5358865,0.52091425
0.534,0.24331369,5.55133981,0.52152216
0.535,0.24006621,5.56677605,0.52213008
0.536,0.23685692,5.58219519,0.522738
0.537,0.23368549,5.59759718,0.52334591
0.538,0.23055157,5.61298201,0.52395383
0.539,0.2274548,5.62834962,0.52456175
0.54,0.22439486,5.64370001,0.52516967
0.541,0.22137139,5.65903314,0.52577758
0.542,0.21838405,5.67434899,0.5263855
0.543,0.21543251,5.68964754,0.52699342
0.544,0.21251642,5.70492878,0.52760133
0.545,0.20963546,5.7201927,0.52820925
0.546,0.20678927,5.73543929,0.52881717
0.547,0.20397754,5.75066854,0.52942508
0.548,0.20107841,5.76654976,0.53005976
0.549,0.19819837,5.78251085,0.5306984
0.55,0.19535522,5.79845281,0.53133704
0.551,0.19254857,5.81437563,0.53197567
0.552,0.18977805,5.83027933,0.53261431
0.553,0.18704328,5.84616392,0.53325294
0.554,0.18434389,5.86202942,0.53389158
0.555,0.1816795,5.87787583,0.53453021
0.556,0.17904973,5.89370317,0.53516885
0.557,0.17645424,5.90951148,0.53580748
0.558,0.17389264,5.92530078,0.53644612
0.559,0.17136457,5.94107108,0.53708475
0.56,0.16886968,5.95682242,0.53772339
0.561,0.16640759,5.97255483,0.53836202
0.562,0.16397796,5.98826835,0.53900066
0.563,0.16158043,6.003963,0.53963929
0.564,0.15921464,6.01963883,0.54027793
0.565,0.15688025,6.03529587,0.54091656
0.566,0.15457691,6.05093416,0.5415552
0.567,0.15219954,6.06727814,0.54222347
0.568,0.1498534,6.08361573,0.54289232
0.569,0.14754014,6.09993291,0.54356116
0.57,0.14525939,6.11622973,0.54423001
0.571,0.14301074,6.13250626,0.54489886
0.572,0.14079383,6.14876255,0.5455677
0.573,0.13860828,6.16499865,0.54623655
0.574,0.1364537,6.18121463,0.5469054
0.575,0.13432971,6.19741056,0.54757424
0.576,0.13223596,6.2135865,0.54824309
0.577,0.13017208,6.2297425,0.54891194
0.578,0.12813769,6.24587865,0.54958078
0.579,0.12613244,6.261995,0.55024963
0.58,0.12415596,6.27809163,0.55091848
0.581,0.12220791,6.29416861,0.55158732
0.582,0.12028793,6.31022601,0.55225617
0.583,0.11839567,6.32626389,0.55292502
0.584,0.11653079,6.34228234,0.55359386
0.585,0.11462581,6.35886991,0.55428733
0.586,0.11274557,6.37547167,0.55498225
0.587,0.11089376,6.39205271,0.55567718
0.588,0.10907,6.40861309,0.55637211
0.589,0.10727391,6.42515291,0.55706703
0.59,0.10550514,6.44167225,0.55776196
0.591,0.10376332,6.45817121,0.55845689
0.592,0.10204808,6.47464987,0.55915181
0.593,0.10035907,6.49110832,0.55984674
0.594,0.09869595,6.50754664,0.56054167
0.595,0.09705835,6.52396494,0.56123659
0.596,0.09544594,6.54036329,0.56193152
0.597,0.09385837,6.55674179,0.56262645
0.598,0.09229531,6.57310052,0.56332137
0.599,0.09075642,6.58943959,0.5640163
0.6,0.08924137,6.60575907,0.56471123
0.601,0.08774983,6.62205907,0.56540615
0.602,0.08624616,6.63873421,0.56611793
0.603,0.08474169,6.65567006,0.56684172
0.604,0.08326167,6.67258506,0.56756551
0.605,0.08180573,6.68947933,0.56828931
0.606,0.08037353,6.70635297,0.5690131
0.607,0.07896472,6.72320608,0.56973689
0.608,0.07757895,6.74003876,0.57046068
0.609,0.0762159,6.75685111,0.57118448
0.61,0.07487523,6.77364324,0.57190827
0.611,0.0735566,6.79041526,0.57263206
0.612,0.07225969,6.80716725,0.57335585
0.613,0.07098418,6.82389933,0.57407965
0.614,0.06972976,6.8406116,0.57480344
0.615,0.0684961,6.85730415,0.57552723
0.616,0.06728289,6.87397708,0.57625102
0.617,0.06608984,6.89063051,0.57697482
0.618,0.06491663,6.90726452,0.57769861
0.619,0.06372104,6.92448802,0.57844894
0.62,0.06254236,6.94174665,0.5792017
0.621,0.06138415,6.95898461,0.57995446
0.622,0.06024611,6.97620201,0.58070723
0.623,0.05912792,6.99339897,0.58145999
0.624,0.05802925,7.01057558,0.58221276
0.625,0.0569498,7.02773196,0.58296552
0.626,0.05588926,7.04486823,0.58371828
0.627,0.05484733,7.06198447,0.58447105
0.628,0.05382371,7.07908081,0.58522381
0.629,0.05281811,7.09615735,0.58597657
0.63,0.05183023,7.11321419,0.58672934
0.631,0.05085979,7.13025143,0.5874821
0.632,0.04990651,7.14726919,0.58823487
0.633,0.04897012,7.16426756,0.58898763
0.634,0.04805032,7.18124664,0.58974039
0.635,0.04712168,7.19868338,0.59051433
0.636,0.04620695,7.21615901,0.5912909
0.637,0.04530902,7.23361443,0.59206747
0.638,0.04442762,7.25104978,0.59284403
0.639,0.04356245,7.26846514,0.5936206
0.64,0.04271324,7.28586063,0.59439716
0.641,0.04187973,7.30323636,0.59517373
0.642,0.04106164,7.32059242,0.5959503
0.643,0.04025871,7.33792893,0.59672686
0.644,0.03947068,7.35524599,0.59750343
0.645,0.03869729,7.3725437,0.59827999
0.646,0.03793829,7.38982215,0.59905656
0.647,0.03719344,7.40708146,0.59983313
0.648,0.03646249,7.42432172,0.60060969
0.649,0.03574519,7.44154303,0.60138626
0.65,0.03503277,7.45895611,0.60217234
0.651,0.03431862,7.47673287,0.60297573
0.652,0.03361832,7.49448966,0.60377912
0.653,0.03293163,7.51222659,0.60458252
0.654,0.0322583,7.52994377,0.60538591
0.655,0.03159809,7.54764129,0.6061893
0.656,0.03095076,7.56531926,0.6069927
0.657,0.03031607,7.58297778,0.60779609
0.658,0.0296938,7.60061696,0.60859948
0.659,0.02908371,7.61823688,0.60940287
0.66,0.02848559,7.63583765,0.61020627
0.661,0.02789921,7.65341937,0.61100966
0.662,0.02732436,7.67098213,0.61181305
0.663,0.02676082,7.68852603,0.61261645
0.664,0.02620839,7.70605115,0.61341984
0.665,0.02566071,7.72375868,0.61423247
0.666,0.02511216,7.7418401,0.61506315
0.667,0.02457483,7.75990176,0.61589384
0.668,0.0240485,7.77794375,0.61672452
0.669,0.02353297,7.79596617,0.61755521
0.67,0.02302801,7.81396912,0.6183859
0.671,0.02253344,7.8319527,0.61921658
0.672,0.02204904,7.84991701,0.62004727
0.673,0.02157462,7.86786213,0.62087795
0.674,0.02110998,7.88578815,0.62170864
0.675,0.02065495,7.90369518,0.62253933
0.676,0.02020932,7.92158331,0.62337001
0.677,0.01977292,7.93945262,0.6242007
0.678,0.01934556,7.9573032,0.62503139
0.679,0.01892707,7.97513514,0.62586207
0.68,0.01850841,7.99333752,0.62671091
0.681,0.01809669,8.01160862,0.62756385
0.682,0.01769377,8.02986036,0.6284168
0.683,0.01729947,8.04809281,0.62926974
0.684,0.01691362,8.06630607,0.63012269
0.685,0.01653605,8.08450024,0.63097563
0.686,0.01616658,8.10267539,0.63182858
0.687,0.01580506,8.12083161,0.63268153
0.688,0.01545132,8.138969,0.63353447
0.689,0.0151052,8.15708764,0.63438742
0.69,0.01476655,8.1751876,0.63524036
0.691,0.01443521,8.19326899,0.63609331
0.692,0.01411103,8.21133187,0.63694625
0.693,0.01379387,8.22937634,0.6377992
0.694,0.01347742,8.24776431,0.63866928
0.695,0.01316502,8.26631022,0.63954774
0.696,0.0128596,8.28483685,0.6404262
0.697,0.01256102,8.30334429,0.64130466
0.698,0.01226913,8.32183262,0.64218312
0.699,0.01198379,8.34030192,0.64306158
0.7,0.01170485,8.35875228,0.64394004
0.701,0.01143218,8.37718378,0.64481851
0.702,0.01116564,8.3955965,0.64569697
0.703,0.01090511,8.41399052,0.64657543
0.704,0.01065046,8.43236592,0.64745389
0.705,0.01040155,8.45072278,0.64833235
0.706,0.01015826,8.46906117,0.64921081
0.707,0.00992048,8.48738118,0.65008927
0.708,0.00968202,8.50616579,0.65099093
0.709,0.00944871,8.52496293,0.65189411
0.71,0.00922085,8.54374088,0.65279728
0.711,0.0089983,8.56249972,0.65370046
0.712,0.00878095,8.58123951,0.65460364
0.713,0.00856868,8.59996035,0.65550682
0.714,0.00836139,8.6186623,0.65641
0.715,0.00815895,8.63734544,0.65731318
0.716,0.00796126,8.65600985,0.65821636
0.717,0.00776822,8.6746556,0.65911954
0.718,0.00757971,8.69328277,0.66002272
0.719,0.00739564,8.71189142,0.6609259
0.72,0.0072159,8.73048164,0.66182908
0.721,0.00703773,8.74933892,0.66274614
0.722,0.00686195,8.76838301,0.66367323
0.723,0.00669043,8.7874079,0.66460031
0.724,0.00652308,8.80641366,0.6655274
0.725,0.00635979,8.82540037,0.66645448
0.726,0.00620046,8.84436809,0.66738157
0.727,0.00604502,8.86331691,0.66830865
0.728,0.00589335,8.88224689,0.66923573
0.729,0.00574539,8.9011581,0.67016282
0.73,0.00560103,8.92005061,0.6710899
0.731,0.0054602,8.9389245,0.67201699
0.732,0.00532281,8.95777983,0.67294407
0.733,0.00518879,8.97661667,0.67387116
0.734,0.00505617,8.99570753,0.67481167
0.735,0.00492547,9.01498641,0.67576239
0.736,0.00479805,9.03424604,0.67671311
0.737,0.00467384,9.05348652,0.67766383
0.738,0.00455276,9.0727079,0.67861456
0.739,0.00443473,9.09191026,0.67956528
0.74,0.00431968,9.11109366,0.680516
0.741,0.00420753,9.13025818,0.68146672
0.742,0.00409822,9.14940387,0.68241744
0.743,0.00399168,9.16853081,0.68336816
0.744,0.00388784,9.18763905,0.68431888
0.745,0.00378663,9.20672867,0.6852696
0.746,0.00368798,9.22579973,0.68622033
0.747,0.00358968,9.24528576,0.68719269
0.748,0.00349365,9.26481225,0.68816804
0.749,0.00340012,9.2843194,0.68914338
0.75,0.00330903,9.30380728,0.69011873
0.751,0.00322032,9.32327596,0.69109408
0.752,0.00313394,9.3427255,0.69206943
0.753,0.00304981,9.36215597,0.69304477
0.754,0.00296789,9.38156744,0.69402012
0.755,0.00288811,9.40095996,0.69499547
0.756,0.00281043,9.4203336,0.69597082
0.757,0.00273479,9.43968842,0.69694616
0.758,0.00266113,9.45902448,0.69792151
0.759,0.00258864,9.47855421,0.69890759
0.76,0.00251735,9.49826885,0.69990397
0.761,0.00244797,9.5179641,0.70090036
0.762,0.00238046,9.53764004,0.70189675
0.763,0.00231477,9.55729671,0.70289314
0.764,0.00225086,9.57693419,0.70388953
0.765,0.00218867,9.59655254,0.70488592
0.766,0.00212816,9.61615181,0.7058823
0.767,0.00206928,9.63573207,0.70687869
0.768,0.002012,9.65529337,0.70787508
0.769,0.00195627,9.67483577,0.70887147
0.77,0.00190205,9.69435935,0.70986786
0.771,0.00184879,9.71405486,0.71087399
0.772,0.00179625,9.7340146,0.71189462
0.773,0.00174518,9.75395477,0.71291525
0.774,0.00169553,9.77387541,0.71393588
0.775,0.00164726,9.7937766,0.71495651
0.776,0.00160033,9.81365838,0.71597714
0.777,0.00155472,9.83352083,0.71699778
0.778,0.00151038,9.85336399,0.71801841
0.779,0.00146727,9.87318793,0.71903904
0.78,0.00142538,9.89299271,0.72005967
0.781,0.00138489,9.91278384,0.7210803
0.782,0.0013453,9.93255046,0.72210093
0.783,0.00130629,9.95257373,0.72313581
0.784,0.00126802,9.97277535,0.72418093
0.785,0.00123133,9.9929681,0.72522606
0.786,0.00119521,10.01313018,0.72627118
0.787,0.00116061,10.0332835,0.7273163
0.788,0.00112677,10.05341173,0.72836143
0.789,0.00109368,10.07351494,0.72940655
0.79,0.00106153,10.09359863,0.73045167
0.791,0.00103032,10.11366288,0.73149679
0.792,0.001,10.13370772,0.73254192
0.793,0.00097056,10.15373323,0.73358704
0.794,0.00094195,10.17375462,0.73463296
0.795,0.00091365,10.19413255,0.73569853
0.796,0.00088619,10.21449054,0.73676411
0.797,0.00085954,10.23482865,0.73782968
0.798,0.00083368,10.25514694,0.73889526
0.799,0.00080858,10.27544547,0.73996084
0.8,0.00078422,10.29572428,0.74102641
0.801,0.00076058,10.31598345,0.74209199
0.802,0.00073764,10.33622301,0.74315756
0.803,0.00071539,10.35644303,0.74422314
0.804,0.00069379,10.37664356,0.74528872
0.805,0.00067283,10.39682465,0.74635429
0.806,0.00065217,10.41731477,0.74743723
0.807,0.00063201,10.4379143,0.74852702
0.808,0.00061246,10.45849367,0.74961681
0.809,0.00059351,10.47905294,0.7507066
0.81,0.00057513,10.49959214,0.75179639
0.811,0.00055732,10.52011135,0.75288618
0.812,0.00054004,10.54061062,0.75397597
0.813,0.0005233,10.56108999,0.75506576
0.814,0.00050706,10.58154953,0.75615555
0.815,0.00049132,10.60198928,0.75724534
0.816,0.00047606,10.6224093,0.75833513
0.817,0.00046106,10.64309341,0.75944009
0.818,0.00044643,10.66391191,0.76055331
0.819,0.00043225,10.68470999,0.76166654
0.82,0.00041851,10.7054877,0.76277976
0.821,0.0004052,10.72624509,0.76389299
0.822,0.00039231,10.74698222,0.76500621
0.823,0.00037983,10.76769913,0.76611944
0.824,0.00036773,10.78839588,0.76723267
0.825,0.00035601,10.80907253,0.76834589
0.826,0.00034467,10.82972913,0.76945912
0.827,0.00033368,10.85036572,0.77057234
0.828,0.00032287,10.87129203,0.7717023
0.829,0.00031238,10.89227034,0.77283617
0.83,0.00030222,10.91322805,0.77397005
0.831,0.00029239,10.93416523,0.77510393
0.832,0.00028287,10.95508192,0.7762378
0.833,0.00027366,10.97597817,0.77737168
0.834,0.00026474,10.99685404,0.77850555
0.835,0.00025611,11.01770959,0.77963943
0.836,0.00024776,11.03854485,0.7807733
0.837,0.00023968,11.05935988,0.78190718
0.838,0.00023183,11.08022928,0.78304512
0.839,0.0002241,11.10144064,0.78420284
0.84,0.00021663,11.12263107,0.78536057
0.841,0.0002094,11.14380062,0.78651829
0.842,0.00020241,11.16494934,0.78767601
0.843,0.00019566,11.18607729,0.78883373
0.844,0.00018912,11.20718452,0.78999145
0.845,0.0001828,11.22827108,0.79114918
0.846,0.00017669,11.24933702,0.7923069
0.847,0.00017078,11.27038238,0.79346462
0.848,0.00016506,11.29140723,0.79462234
0.849,0.00015945,11.31273552,0.79579793
0.85,0.000154,11.33415059,0.79697946
0.851,0.00014874,11.35554444,0.798161
0.852,0.00014365,11.37691712,0.79934254
0.853,0.00013874,11.3982687,0.80052408
0.854,0.00013399,11.41959921,0.80170561
0.855,0.0001294,11.44090871,0.80288715
0.856,0.00012497,11.46219726,0.80406869
0.857,0.00012068,11.48346489,0.80525022
0.858,0.00011655,11.50471167,0.80643176
0.859,0.00011251,11.52613242,0.80762414
0.86,0.00010859,11.54769805,0.80882578
0.861,0.0001048,11.56924226,0.81002742
0.862,0.00010114,11.59076511,0.81122906
0.863,9.761e-05,11.61226663,0.8124307
0.864,9.42e-05,11.63374689,0.81363235
0.865,9.09e-05,11.65520593,0.81483399
0.866,8.772e-05,11.6766438,0.81603563
0.867,8.465e-05,11.69806055,0.81723727
0.868,8.169e-05,11.71945623,0.81843891
0.869,7.88e-05,11.74104261,0.81965246
0.87,7.599e-05,11.76281913,0.82087791
0.871,7.327e-05,11.78457389,0.82210337
0.872,7.066e-05,11.80630694,0.82332883
0.873,6.813e-05,11.82801833,0.82455429
0.874,6.569e-05,11.84970811,0.82577974
0.875,6.334e-05,11.87137634,0.8270052
0.876,6.108e-05,11.89302306,0.82823066
0.877,5.889e-05,11.91464832,0.82945612
0.878,5.678e-05,11.93625217,0.83068158
0.879,5.472e-05,11.95809087,0.83192159
0.88,5.273e-05,11.98004226,0.83316925
0.881,5.08e-05,12.00197162,0.83441691
0.882,4.895e-05,12.02387899,0.83566457
0.883,4.716e-05,12.04576442,0.83691224
0.884,4.544e-05,12.06762796,0.8381599
0.885,4.378e-05,12.08946966,0.83940756
0.886,4.218e-05,12.11128958,0.84065522
0.887,4.063e-05,12.13308775,0.84190288
0.888,3.915e-05,12.15486424,0.84315055
0.889,3.769e-05,12.17701338,0.84442083
0.89,3.628e-05,12.19914566,0.84569144
0.891,3.493e-05,12.2212556,0.84696204
0.892,3.363e-05,12.24334324,0.84823264
0.893,3.237e-05,12.26540864,0.84950325
0.894,3.117e-05,12.28745185,0.85077385
0.895,3e-05,12.30947291,0.85204446
0.896,2.888e-05,12.33147188,0.85331506
0.897,2.78e-05,12.3534488,0.85458566
0.898,2.675e-05,12.3755995,0.8558676
0.899,2.574e-05,12.39793023,0.85716127
0.9,2.476e-05,12.42023826,0.85845494
0.901,2.381e-05,12.44252363,0.85974861
0.902,2.291e-05,12.46478641,0.86104228
0.903,2.203e-05,12.48702663,0.86233595
0.904,2.119e-05,12.50924435,0.86362962
0.905,2.039e-05,12.53143963,0.86492329
0.906,1.961e-05,12.5536125,0.86621696
0.907,1.886e-05,12.57582592,0.8675143
0.908,1.813e-05,12.59833248,0.86883011
0.909,1.742e-05,12.62081602,0.87014591
0.91,1.675e-05,12.64327658,0.87146171
0.911,1.61e-05,12.66571423,0.87277752
0.912,1.547e-05,12.688129,0.87409332
0.913,1.487e-05,12.71052095,0.87540912
0.914,1.429e-05,12.73289013,0.87672493
0.915,1.374e-05,12.75523658,0.87804073
0.916,1.32e-05,12.77756036,0.87935653
0.917,1.268e-05,12.80021194,0.88069302
0.918,1.218e-05,12.82284111,0.88202957
0.919,1.17e-05,12.84544704,0.88336611
0.92,1.124e-05,12.86802978,0.88470265
0.921,1.079e-05,12.89058937,0.88603919
0.922,1.036e-05,12.91312586,0.88737573
0.923,9.95e-06,12.93563932,0.88871228
0.924,9.56e-06,12.95812978,0.89004882
0.925,9.18e-06,12.98059729,0.89138536
0.926,8.81e-06,13.00343259,0.89274518
0.927,8.46e-06,13.02625582,0.89410569
0.928,8.12e-06,13.04905543,0.8954662
0.929,7.79e-06,13.07183146,0.89682671
0.93,7.47e-06,13.09458396,0.89818722
0.931,7.17e-06,13.117313,0.89954773
0.932,6.88e-06,13.14001861,0.90090824
0.933,6.61e-06,13.16270084,0.90226875
0.934,6.34e-06,13.18540031,0.90363169
0.935,6.08e-06,13.20842575,0.90501565
0.936,5.83e-06,13.23142716,0.9063996
0.937,5.59e-06,13.25440459,0.90778355
0.938,5.36e-06,13.27735808,0.90916751
0.939,5.14e-06,13.3002877,0.91055146
0.94,4.93e-06,13.32319348,0.91193541
0.941,4.72e-06,13.34607548,0.91331937
0.942,4.53e-06,13.36893375,0.91470332
0.943,4.34e-06,13.39189641,0.91609504
0.944,4.16e-06,13.41503795,0.91749907
0.945,3.99e-06,13.43815521,0.9189031
0.946,3.82e-06,13.46124826,0.92030713
0.947,3.66e-06,13.48431714,0.92171116
0.948,3.51e-06,13.50736189,0.92311519
0.949,3.36e-06,13.53038257,0.92451922
0.95,3.22e-06,13.55337924,0.92592325
0.951,3.09e-06,13.57635193,0.92732728
0.952,2.96e-06,13.59962499,0.92875116
0.953,2.83e-06,13.62295731,0.93018017
0.954,2.71e-06,13.64626496,0.93160919
0.955,2.59e-06,13.66954798,0.93303821
0.956,2.48e-06,13.69280643,0.93446722
0.957,2.38e-06,13.71604035,0.93589624
0.958,2.28e-06,13.7392498,0.93732526
0.959,2.18e-06,13.76243483,0.93875427
0.96,2.09e-06,13.78571908,0.94019092
0.961,2e-06,13.80920577,0.94164159
0.962,1.91e-06,13.83266745,0.94309227
0.963,1.83e-06,13.85610417,0.94454295
0.964,1.75e-06,13.87951597,0.94599362
0.965,1.67e-06,13.90290292,0.9474443
0.966,1.6e-06,13.92626506,0.94889498
0.967,1.53e-06,13.94960244,0.95034565
0.968,1.46e-06,13.97292731,0.95179709
0.969,1.4e-06,13.99655292,0.95326881
0.97,1.34e-06,14.0201532,0.95474053
0.971,1.28e-06,14.04372821,0.95621224
0.972,1.22e-06,14.06727799,0.95768396
0.973,1.17e-06,14.0908026,0.95915568
0.974,1.12e-06,14.1143021,0.9606274
0.975,1.07e-06,14.13777652,0.96209912
0.976,1.02e-06,14.16122592,0.96357084
0.977,9.8e-07,14.18497481,0.96506295
0.978,9.3e-07,14.20876033,0.96655898
0.979,8.9e-07,14.23252015,0.96805501
0.98,8.5e-07,14.25625433,0.96955104
0.981,8.1e-07,14.27996292,0.97104707
0.982,7.8e-07,14.30364597,0.97254311
0.983,7.4e-07,14.32730353,0.97403914
0.984,7.1e-07,14.35093566,0.97553517
0.985,6.8e-07,14.37482878,0.97704936
0.986,6.5e-07,14.39877906,0.97856882
0.987,6.2e-07,14.42270326,0.98008829
0.988,5.9e-07,14.44660144,0.98160776
0.989,5.6e-07,14.47047363,0.98312722
0.99,5.4e-07,14.49431991,0.98464669
0.991,5.1e-07,14.51814031,0.98616615
0.992,4.9e-07,14.54193489,0.98768562
0.993,4.7e-07,14.56596812,0.989222
0.994,4.4e-07,14.59002715,0.99076171
0.995,4.2e-07,14.61405983,0.99230143
0.996,4e-07,14.63806622,0.99384114
0.997,3.9e-07,14.66204635,0.99538086
0.998,3.7e-07,14.68600029,0.99692057
0.999,3.5e-07,14.70992809,0.99846029
1.0,3.3e-07,14.73382979,1.0
