Grid,Solver,Form,Enc,Prec,Cost (€),Opt-Gap (%),Feasible,Slack (MW),Max Load (%),L-Qub,P-Qub,Max-Ch,Dens (%),DynRng,At-Risk (%),CB (%),Time (s)
3-Bus Low Gen,Classical IP,ptdf,radix,0.0,2800.0,0.0,True,20.0,92.041,,0.0,0.0,,,0.0,0.0,0.1623
3-Bus Low Gen,Classical SA,ptdf,radix,50.0,3800.0,35.714285714285715,True,70.0,79.49,5.0,5.0,1.0,80.0,13.75,0.0,0.0,0.3734
3-Bus Low Gen,Classical SA,ptdf,radix,20.0,2800.0,0.0,True,20.0,92.041,9.0,9.0,1.0,75.0,13.3,0.0,0.0,0.7405
3-Bus Low Gen,Classical SA,ptdf,radix,10.0,2800.0,0.0,True,20.0,92.041,12.0,12.0,1.0,75.76,44.74,0.0,0.0,1.0019
3-Bus Low Gen,EMU-SA,ptdf,radix,50.0,3800.0,35.714285714285715,True,70.0,79.49,5.0,6.0,2.0,80.0,13.75,0.0,0.0,0.5702
3-Bus Low Gen,EMU-SA,ptdf,radix,20.0,2800.0,0.0,True,20.0,92.041,9.0,12.0,2.0,75.0,13.3,5.56,0.01,1.161
3-Bus Low Gen,EMU-SA,ptdf,radix,10.0,2800.0,0.0,True,20.0,92.041,12.0,17.0,2.0,75.76,44.74,16.13,0.03,1.6466
4-Bus High Gen,Classical IP,ptdf,radix,0.0,3000.0,0.0,True,0.0,20.918,,0.0,0.0,,,0.0,0.0,0.0241
4-Bus High Gen,Classical SA,ptdf,radix,50.0,4200.0,40.0,True,30.0,25.102,5.0,5.0,1.0,100.0,1.97,0.0,0.0,0.3766
4-Bus High Gen,Classical SA,ptdf,radix,20.0,3000.0,0.0,True,0.0,20.918,12.0,12.0,1.0,100.0,44.0,0.0,0.0,0.9234
4-Bus High Gen,Classical SA,ptdf,radix,10.0,3000.0,0.0,True,0.0,20.918,16.0,16.0,1.0,100.0,16.0,0.0,0.0,1.583
4-Bus High Gen,EMU-SA,ptdf,radix,50.0,4200.0,40.0,True,30.0,25.102,5.0,6.0,2.0,100.0,1.97,0.0,0.0,0.6194
4-Bus High Gen,EMU-SA,ptdf,radix,20.0,3000.0,0.0,True,0.0,20.918,12.0,22.0,2.0,100.0,44.0,0.0,1.2,2.0275
4-Bus High Gen,EMU-SA,ptdf,radix,10.0,3000.0,0.0,True,0.0,20.918,16.0,32.0,3.0,100.0,16.0,15.440000000000001,4.71,3.3917
case118,Classical IP,ptdf,radix,0.0,125947.873,0.0,True,500.428,4.405,,0.0,0.0,,,0.0,0.0,0.0434
case118,Classical SA,ptdf,radix,50.0,134014.301,6.404576598129608,True,392.0,2.995,128.0,128.0,1.0,100.0,179.04,0.0,0.0,2155.762
case118,Classical SA,ptdf,radix,20.0,134925.558,7.128095763872076,True,202.0,1.859,186.0,186.0,1.0,100.0,1053.76,0.0,0.0,4138.8906
case118,Classical SA,ptdf,radix,10.0,135148.133,7.304815699428283,True,382.0,2.538,240.0,240.0,1.0,100.0,4501.11,0.0,0.0,6046.581
case118,EMU-SA,ptdf,radix,50.0,145573.402,15.582263147865937,True,192.0,6.464,128.0,1280.0,10.0,100.0,179.04,98.15,22.24,5381.0914
case118,EMU-SA,ptdf,radix,20.0,148728.566,18.08739795073791,True,462.0,7.602,186.0,2604.0,14.0,100.0,1053.76,98.65,10.870000000000001,10555.6128
case118,EMU-SA,ptdf,radix,10.0,0.0,,False,0.0,0.0,240.0,,,100.0,4501.11,99.00999999999999,0.0,0.2308
case14,Classical IP,ptdf,radix,0.0,7642.594,0.0,True,220.968,1.51,,0.0,0.0,,,0.0,0.0,0.0779
case14,Classical SA,ptdf,radix,50.0,7684.563,0.549146009849536,True,209.0,0.425,11.0,11.0,1.0,100.0,11.92,0.0,0.0,7.5931
case14,Classical SA,ptdf,radix,20.0,7688.003,0.5941569053648492,True,199.0,0.422,17.0,17.0,1.0,100.0,99.53,0.0,0.0,13.1663
case14,Classical SA,ptdf,radix,10.0,7660.563,0.23511650625429076,True,209.0,0.423,22.0,22.0,1.0,100.0,408.73,0.0,0.0,18.2248
case14,EMU-SA,ptdf,radix,50.0,7684.563,0.549146009849536,True,209.0,0.425,11.0,20.0,2.0,100.0,11.92,0.0,0.19,11.8234
case14,EMU-SA,ptdf,radix,20.0,7643.728,0.014837894044875531,True,219.0,0.425,17.0,36.0,3.0,100.0,99.53,41.18,2.94,23.9185
case14,EMU-SA,ptdf,radix,10.0,7660.563,0.23511650625429076,True,209.0,0.359,22.0,55.0,3.0,100.0,408.73,60.47,4.35,37.2768
case24_ieee_rts,Classical IP,ptdf,radix,0.0,61001.24,0.0,True,76.259,73.225,,0.0,0.0,,,0.0,0.0,0.0575
case24_ieee_rts,Classical SA,ptdf,radix,50.0,63241.578,3.672610589555234,True,114.2,74.59,55.0,55.0,1.0,94.28,8146.77,0.0,0.0,57.6505
case24_ieee_rts,Classical SA,ptdf,radix,20.0,63184.45,3.57896003425504,True,3.8,74.006,81.0,81.0,1.0,95.19,7828.28,0.0,0.0,121.8655
case24_ieee_rts,Classical SA,ptdf,radix,10.0,66382.905,8.822222302366315,True,173.4,68.285,106.0,106.0,1.0,95.85,8502.47,0.0,0.0,212.1868
case24_ieee_rts,EMU-SA,ptdf,radix,50.0,65173.839,6.840187183080217,True,45.0,73.954,55.0,275.0,5.0,94.28,8146.77,81.58,10.84,214.7064
case24_ieee_rts,EMU-SA,ptdf,radix,20.0,78158.229,28.125639741093806,False,254.2,58.356,81.0,567.0,7.0,95.19,7828.28,94.28,5.58,529.3126
case24_ieee_rts,EMU-SA,ptdf,radix,10.0,78532.406,28.739032190165325,False,243.4,77.319,106.0,954.0,9.0,95.85,8502.47,96.54,4.2700000000000005,939.3142
case30,Classical IP,ptdf,radix,0.0,565.206,0.0,True,44.73,76.442,,0.0,0.0,,,0.0,0.0,0.2333
case30,Classical SA,ptdf,radix,50.0,637.923,12.865574675428071,True,69.2,111.488,13.0,13.0,1.0,52.56,136.26,0.0,0.0,6.0564
case30,Classical SA,ptdf,radix,20.0,573.157,1.40674373591222,True,49.2,95.225,26.0,26.0,1.0,51.38,522.43,0.0,0.0,12.3375
case30,Classical SA,ptdf,radix,10.0,575.647,1.847291076174002,True,49.2,90.456,38.0,38.0,1.0,54.05,1317.56,0.0,0.0,20.7021
case30,EMU-SA,ptdf,radix,50.0,637.923,12.865574675428071,True,69.2,111.488,13.0,16.0,2.0,52.56,136.26,3.6999999999999997,0.0,9.3934
case30,EMU-SA,ptdf,radix,20.0,573.157,1.40674373591222,True,49.2,95.225,26.0,42.0,3.0,51.38,522.43,23.32,1.05,25.2097
case30,EMU-SA,ptdf,radix,10.0,572.329,1.2602484757769614,True,59.2,81.928,38.0,95.0,4.0,54.05,1317.56,59.57,3.44,63.1856
case39,Classical IP,ptdf,radix,0.0,41263.941,0.0,True,646.0,90.162,,0.0,0.0,,,0.0,0.0,0.0297
case39,Classical SA,ptdf,radix,50.0,42945.748,4.075730430110883,True,504.23,96.607,182.0,182.0,1.0,35.03,42858.07,0.0,0.0,207.7885
case39,Classical SA,ptdf,radix,20.0,42000.746,1.7855904747440392,True,634.23,98.668,224.0,224.0,1.0,36.48,233351.15,0.0,0.0,298.9474
case39,Classical SA,ptdf,radix,10.0,41968.746,1.7080409260957414,True,634.23,96.714,258.0,258.0,1.0,37.14,931621.1,0.0,0.0,378.6513
case39,EMU-SA,ptdf,radix,50.0,42995.748,4.196901599873848,True,504.23,99.31,182.0,1277.0,21.0,35.03,42858.07,96.61999999999999,9.9,1212.3169
case39,EMU-SA,ptdf,radix,20.0,43638.438,5.754411581773062,False,654.23,107.28,224.0,2170.0,26.0,36.48,233351.15,97.5,7.46,1937.4217
case39,EMU-SA,ptdf,radix,10.0,47126.668,14.207869771818448,False,704.23,88.889,258.0,4152.0,60.0,37.14,931621.1,98.17,11.4,3560.2416
case5,Classical IP,ptdf,radix,0.0,17479.897,0.0,True,0.0,100.0,,0.0,0.0,,,0.0,0.0,0.0409
case5,Classical SA,ptdf,radix,50.0,16710.0,-4.404471033210326,True,60.0,105.435,18.0,18.0,1.0,92.16,157.52,0.0,0.0,1.7383
case5,Classical SA,ptdf,radix,20.0,17160.0,-1.830085154391933,True,20.0,102.279,26.0,26.0,1.0,92.62,1034.12,0.0,0.0,2.7935
case5,Classical SA,ptdf,radix,10.0,17310.0,-0.9719565281191349,True,70.0,101.162,32.0,32.0,1.0,92.94,3754.31,0.0,0.0,3.5649
case5,EMU-SA,ptdf,radix,50.0,16710.0,-4.404471033210326,True,60.0,105.435,18.0,38.0,3.0,92.16,157.52,54.09,3.0,4.3715
case5,EMU-SA,ptdf,radix,20.0,17680.0,1.1447607500204329,True,80.0,100.281,26.0,69.0,3.0,92.62,1034.12,80.12,2.4699999999999998,8.5993
case5,EMU-SA,ptdf,radix,10.0,18920.0,8.238624060542229,True,130.0,92.604,32.0,98.0,4.0,92.94,3754.31,86.0,4.75,15.6216
case57,Classical IP,ptdf,radix,0.0,41006.735,0.0,True,139.461,2.117,,0.0,0.0,,,0.0,0.0,0.0284
case57,Classical SA,ptdf,radix,50.0,41062.375,0.1356850283252237,True,150.8,0.701,20.0,20.0,1.0,100.0,47.06,0.0,0.0,15.2365
case57,Classical SA,ptdf,radix,20.0,41117.978,0.27127982756979363,True,170.8,0.695,27.0,27.0,1.0,100.0,358.18,0.0,0.0,22.8948
case57,Classical SA,ptdf,radix,10.0,41052.78,0.11228643294814437,True,130.8,0.728,34.0,34.0,1.0,100.0,1368.28,0.0,0.0,30.798
case57,EMU-SA,ptdf,radix,50.0,41062.375,0.1356850283252237,True,150.8,0.739,20.0,49.0,3.0,100.0,47.06,48.57,10.780000000000001,26.7619
case57,EMU-SA,ptdf,radix,20.0,41658.173,1.5886122121158925,True,190.8,0.677,27.0,74.0,3.0,100.0,358.18,78.31,3.2199999999999998,49.1474
case57,EMU-SA,ptdf,radix,10.0,41354.866,0.8489605427010983,True,130.8,0.715,34.0,122.0,5.0,100.0,1368.28,86.05000000000001,2.94,87.3471
case6ww,Classical IP,ptdf,radix,0.0,3043.963,0.0,True,33.831,85.156,,0.0,0.0,,,0.0,0.0,0.0241
case6ww,Classical SA,ptdf,radix,50.0,3130.023,2.827235416462025,True,127.5,100.81,16.0,16.0,1.0,49.17,52.7,0.0,0.0,1.3025
case6ww,Classical SA,ptdf,radix,20.0,3046.834,0.09431783500652405,True,47.5,80.582,24.0,24.0,1.0,50.0,107.56,0.0,0.0,2.3062
case6ww,Classical SA,ptdf,radix,10.0,3044.317,0.011629576312189551,True,37.5,84.172,31.0,31.0,1.0,51.18,455.51,0.0,0.0,3.2382
case6ww,EMU-SA,ptdf,radix,50.0,3104.598,1.9919755923445772,True,27.5,95.53,16.0,20.0,2.0,49.17,52.7,0.0,11.89,2.0724
case6ww,EMU-SA,ptdf,radix,20.0,3050.346,0.20969374463486612,True,27.5,90.965,24.0,43.0,3.0,50.0,107.56,11.73,10.059999999999999,5.8889
case6ww,EMU-SA,ptdf,radix,10.0,3044.317,0.011629576312189551,True,37.5,84.172,31.0,69.0,3.0,51.18,455.51,39.410000000000004,1.6500000000000001,7.6392
case89pegase,Classical IP,ptdf,radix,0.0,0.0,,False,0.0,,,0.0,0.0,,,0.0,0.0,0.0448
case89pegase,Classical SA,ptdf,radix,50.0,8158.65,,False,1707.28,327.261,68.0,68.0,1.0,100.0,7612.66,0.0,0.0,572.9144
case89pegase,Classical SA,ptdf,radix,20.0,8158.65,,False,1501.43,307.211,90.0,90.0,1.0,100.0,6939.43,0.0,0.0,1000.2199
case89pegase,Classical SA,ptdf,radix,10.0,8158.65,,False,1691.43,325.335,107.0,107.0,1.0,100.0,19217.72,0.0,0.0,1331.3282
case89pegase,EMU-SA,ptdf,radix,50.0,8158.65,,False,1357.28,313.035,68.0,408.0,6.0,100.0,7612.66,96.04,17.78,1623.086
case89pegase,EMU-SA,ptdf,radix,20.0,8158.65,,False,1121.43,312.118,90.0,720.0,8.0,100.0,6939.43,96.67999999999999,10.24,2980.7989
case89pegase,EMU-SA,ptdf,radix,10.0,10138.65,,False,1421.43,326.621,107.0,963.0,9.0,100.0,19217.72,97.66,8.540000000000001,4286.983
case9,Classical IP,ptdf,radix,0.0,5216.027,0.0,True,86.564,53.751,,0.0,0.0,,,0.0,0.0,0.0244
case9,Classical SA,ptdf,radix,50.0,5305.5,1.715347715799783,True,95.0,44.0,23.0,23.0,1.0,50.99,339.6,0.0,0.0,13.232
case9,Classical SA,ptdf,radix,20.0,5227.5,0.2199566835064304,True,95.0,52.0,30.0,30.0,1.0,51.95,3938.94,0.0,0.0,17.5412
case9,Classical SA,ptdf,radix,10.0,5227.5,0.2199566835064304,True,95.0,52.0,37.0,37.0,1.0,52.55,117830.64,0.0,0.0,19.3078
case9,EMU-SA,ptdf,radix,50.0,5305.5,1.715347715799783,True,95.0,44.0,23.0,40.0,3.0,50.99,339.6,9.21,0.01,27.4401
case9,EMU-SA,ptdf,radix,20.0,5377.5,3.095708668685955,True,115.0,52.0,30.0,65.0,3.0,51.95,3938.94,51.949999999999996,4.49,44.493
case9,EMU-SA,ptdf,radix,10.0,5237.75,0.4164664024936979,True,75.0,56.0,37.0,93.0,4.0,52.55,117830.64,66.41,2.1999999999999997,68.5798
